FAT_YEARMONTH,FAT_DAY,FAT_TIME,FATALITY_ID,EVENT_ID,FATALITY_TYPE,FATALITY_DATE,FATALITY_AGE,FATALITY_SEX,FATALITY_LOCATION,EVENT_YEARMONTH
201706,30,0,33428,700794,"I","06/30/2017 00:00:00",,"F","Permanent Home",201706
201706,20,0,33580,702637,"D","06/20/2017 00:00:00",,"M","Mobile/Trailer Home",201706
201706,17,0,33579,702637,"D","06/17/2017 00:00:00",,"M","Under Tree",201706
201706,6,0,33512,707166,"D","06/06/2017 00:00:00",56,"F","Outside/Open Areas",201706
201706,3,0,33513,707167,"D","06/03/2017 00:00:00",39,"M","Outside/Open Areas",201706
201706,6,0,33514,707167,"I","06/06/2017 00:00:00",62,"M","Outside/Open Areas",201706
201706,6,0,33515,707167,"I","06/06/2017 00:00:00",49,"M","Outside/Open Areas",201706
201706,6,0,33516,707167,"D","06/06/2017 00:00:00",40,"M","Outside/Open Areas",201706
201706,9,0,33517,707167,"I","06/09/2017 00:00:00",76,"M","Outside/Open Areas",201706
201706,16,0,33518,707169,"D","06/16/2017 00:00:00",55,"M","Outside/Open Areas",201706
201706,16,0,33519,707169,"D","06/16/2017 00:00:00",55,"F","Permanent Structure",201706
201706,20,0,33527,707173,"D","06/20/2017 00:00:00",42,"M","Unknown",201706
201706,20,0,33528,707173,"D","06/20/2017 00:00:00",41,"M","Unknown",201706
201706,17,0,33520,707173,"D","06/17/2017 00:00:00",34,"M","Outside/Open Areas",201706
201706,18,0,33521,707173,"I","06/18/2017 00:00:00",52,"M","Outside/Open Areas",201706
201706,20,0,33526,707173,"I","06/20/2017 00:00:00",57,"M","Outside/Open Areas",201706
201706,22,0,33529,707173,"D","06/22/2017 00:00:00",79,"M","Outside/Open Areas",201706
201706,25,0,33535,707173,"D","06/25/2017 00:00:00",49,"M","Outside/Open Areas",201706
201706,28,0,33537,707173,"D","06/28/2017 00:00:00",37,"M","Outside/Open Areas",201706
201706,19,0,33522,707173,"D","06/19/2017 00:00:00",68,"M","Permanent Home",201706
201706,19,0,33523,707173,"D","06/19/2017 00:00:00",36,"F","Permanent Home",201706
201706,19,0,33524,707173,"D","06/19/2017 00:00:00",69,"F","Permanent Home",201706
201706,19,0,33525,707173,"I","06/19/2017 00:00:00",77,"M","Permanent Home",201706
201706,23,0,33530,707173,"D","06/23/2017 00:00:00",69,"F","Permanent Home",201706
201706,23,0,33531,707173,"D","06/23/2017 00:00:00",73,"F","Permanent Home",201706
201706,24,0,33532,707173,"D","06/24/2017 00:00:00",52,"M","Permanent Home",201706
201706,24,0,33533,707173,"D","06/24/2017 00:00:00",73,"M","Permanent Home",201706
201706,24,0,33534,707173,"D","06/24/2017 00:00:00",61,"F","Permanent Home",201706
201706,26,0,33536,707173,"D","06/26/2017 00:00:00",70,"M","Permanent Home",201706
201706,30,0,33539,707174,"D","06/30/2017 00:00:00",43,"M","Outside/Open Areas",201706
201706,30,0,33538,707174,"D","06/30/2017 00:00:00",69,"M","Permanent Home",201706
201706,7,0,33545,707691,"I","06/07/2017 00:00:00",1,"F","Vehicle/Towed Trailer",201706
201706,7,0,33546,707691,"I","06/07/2017 00:00:00",2,"F","Vehicle/Towed Trailer",201706
201706,24,0,33552,708125,"D","06/24/2017 00:00:00",71,"M","Outside/Open Areas",201706
201706,23,0,33558,709859,"D","06/23/2017 00:00:00",3,"M","Vehicle/Towed Trailer",201706
201706,25,0,33596,709875,"D","06/25/2017 00:00:00",14,"M","In Water",201706
201706,27,0,33600,709890,"D","06/27/2017 00:00:00",34,"M","Heavy Equipment/Construction",201706
201706,21,0,33566,709930,"D","06/21/2017 00:00:00",10,"M","Outside/Open Areas",201706
201706,23,0,33565,709932,"D","06/23/2017 00:00:00",57,"M","In Water",201706
201706,22,0,33603,711723,"I","06/22/2017 00:00:00",30,"M","In Water",201706
201704,2,0,33281,691827,"D","04/02/2017 00:00:00",55,"F","Permanent Home",201704
201705,21,0,33325,698272,"I","05/21/2017 00:00:00",14,"M","Outside/Open Areas",201705
201705,19,0,33327,698402,"I","05/19/2017 00:00:00",22,"M","Vehicle/Towed Trailer",201705
201705,5,0,33395,699896,"D","05/05/2017 00:00:00",46,"F","Vehicle/Towed Trailer",201705
201705,16,0,33549,702632,"D","05/16/2017 00:00:00",53,"M","Vehicle/Towed Trailer",201705
201705,28,0,33462,703403,"D","05/28/2017 00:00:00",35,"M","In Water",201705
201704,30,0,33183,683065,"D","04/30/2017 00:00:00",43,"F","Under Tree",201704
201704,29,0,33255,683249,"D","04/29/2017 00:00:00",57,"M","Other",201704
201704,29,0,33256,683249,"D","04/29/2017 00:00:00",51,"M","Permanent Home",201704
201704,29,0,33259,683254,"D","04/29/2017 00:00:00",39,"M","Vehicle/Towed Trailer",201704
201704,29,0,33260,683254,"D","04/29/2017 00:00:00",49,"F","Vehicle/Towed Trailer",201704
201704,14,0,33190,683848,"D","04/14/2017 00:00:00",33,"M","Outside/Open Areas",201704
201704,14,0,33191,683848,"D","04/14/2017 00:00:00",,"M","Outside/Open Areas",201704
201704,11,0,33295,688401,"D","04/11/2017 00:00:00",,"","Outside/Open Areas",201704
201704,26,0,33217,688957,"D","04/26/2017 00:00:00",65,"F","Vehicle/Towed Trailer",201704
201704,14,0,33220,689460,"D","04/14/2017 00:00:00",1,"M","Vehicle/Towed Trailer",201704
201704,16,0,33228,691029,"D","04/16/2017 00:00:00",31,"M","In Water",201704
201704,29,0,33233,691311,"D","04/29/2017 00:00:00",72,"F","Vehicle/Towed Trailer",201704
201704,30,0,33265,691312,"D","04/30/2017 00:00:00",18,"M","Vehicle/Towed Trailer",201704
201704,29,0,33310,691624,"D","04/29/2017 00:00:00",10,"F","Outside/Open Areas",201704
201704,29,0,33309,691629,"D","04/29/2017 00:00:00",76,"M","Vehicle/Towed Trailer",201704
201704,29,0,33314,691732,"D","04/29/2017 00:00:00",2,"F","Vehicle/Towed Trailer",201704
201704,29,0,33315,691732,"D","04/29/2017 00:00:00",4,"M","Vehicle/Towed Trailer",201704
201704,28,0,33262,692706,"D","04/28/2017 00:00:00",,"M","In Water",201704
201704,15,0,33266,693378,"D","04/15/2017 00:00:00",8,"M","In Water",201704
201704,8,0,33267,693379,"D","04/08/2017 00:00:00",16,"M","In Water",201704
201704,2,0,33268,693388,"D","04/02/2017 00:00:00",27,"M","In Water",201704
201704,30,0,33274,694328,"D","04/30/2017 00:00:00",2,"F","Outside/Open Areas",201704
201704,2,0,33276,694736,"D","04/02/2017 00:00:00",38,"F","Mobile/Trailer Home",201704
201704,2,0,33277,694736,"D","04/02/2017 00:00:00",3,"F","Mobile/Trailer Home",201704
201704,6,0,33298,696080,"D","04/06/2017 00:00:00",66,"F","Permanent Home",201704
201704,7,0,33296,696351,"I","04/07/2017 00:00:00",67,"M","Under Tree",201704
201704,7,0,33299,696357,"I","04/07/2017 00:00:00",56,"M","Boating",201704
201704,29,0,33308,697023,"D","04/29/2017 00:00:00",73,"F","Vehicle/Towed Trailer",201704
201704,29,0,33313,697038,"D","04/29/2017 00:00:00",24,"F","Outside/Open Areas",201704
201703,7,0,33219,689229,"I","03/07/2017 00:00:00",57,"M","Outside/Open Areas",201703
201703,2,0,33222,690043,"D","03/02/2017 00:00:00",50,"M","Under Tree",201703
201703,22,0,33224,690389,"D","03/22/2017 00:00:00",,"M","Under Tree",201703
201701,12,0,33307,696665,"D","01/12/2017 00:00:00",43,"F","Vehicle/Towed Trailer",201701
201702,8,0,32955,665863,"D","02/08/2017 00:00:00",69,"F","Permanent Home",201611
201701,2,0,33036,675835,"D","01/02/2017 00:00:00",23,"F","Outside/Open Areas",201701
201701,2,0,33037,675835,"D","01/02/2017 00:00:00",29,"M","Outside/Open Areas",201701
201701,9,0,33094,675847,"I","01/09/2017 00:00:00",84,"M","Vehicle/Towed Trailer",201701
201701,5,0,31807,664829,"I","01/05/2017 00:00:00",53,"F","Vehicle/Towed Trailer",201701
201701,21,0,33091,676363,"D","01/21/2017 00:00:00",23,"F","Other",201701
201701,3,0,31808,664988,"I","01/03/2017 00:00:00",16,"F","Vehicle/Towed Trailer",201701
201701,5,0,32976,665799,"I","01/05/2017 00:00:00",55,"M","Vehicle/Towed Trailer",201701
201701,1,0,32900,666274,"I","01/01/2017 00:00:00",45,"M","Vehicle/Towed Trailer",201701
201701,12,0,33073,666584,"D","01/12/2017 00:00:00",29,"M","Outside/Open Areas",201701
201701,23,0,31851,667029,"D","01/23/2017 00:00:00",60,"M","Outside/Open Areas",201701
201701,15,0,32862,668386,"D","01/15/2017 00:00:00",31,"M","In Water",201701
201701,15,0,32863,668386,"D","01/15/2017 00:00:00",3,"M","In Water",201701
201701,7,0,32866,668659,"D","01/07/2017 00:00:00",72,"M","Outside/Open Areas",201701
201701,10,0,32869,668660,"D","01/10/2017 00:00:00",35,"M","In Water",201701
201701,14,0,32968,668712,"D","01/14/2017 00:00:00",,"","Vehicle/Towed Trailer",201701
201701,22,0,32887,668749,"D","01/22/2017 00:00:00",54,"M","Mobile/Trailer Home",201701
201701,18,0,32904,668998,"D","01/18/2017 00:00:00",52,"F","In Water",201701
201701,4,0,32912,669731,"D","01/04/2017 00:00:00",38,"M","Outside/Open Areas",201701
201701,22,0,32931,670192,"I","01/22/2017 00:00:00",43,"M","In Water",201701
201701,21,0,32930,670198,"D","01/21/2017 00:00:00",47,"F","In Water",201701
201701,30,0,33019,670214,"D","01/30/2017 00:00:00",22,"F","In Water",201701
201701,28,0,32954,670672,"D","01/28/2017 00:00:00",29,"M","Outside/Open Areas",201701
201701,16,0,33002,673097,"I","01/16/2017 00:00:00",,"","Heavy Equipment/Construction",201701
201706,12,0,33269,693431,"D","06/12/2017 00:00:00",33,"F","In Water",201706
201706,6,0,33446,694809,"D","06/06/2017 00:00:00",17,"M","In Water",201706
201706,10,0,33445,695408,"D","06/10/2017 00:00:00",17,"M","In Water",201706
201706,10,0,33286,695410,"D","06/10/2017 00:00:00",17,"M","In Water",201706
201706,17,0,33290,695415,"D","06/17/2017 00:00:00",56,"M","In Water",201706
201706,18,0,33443,695417,"D","06/18/2017 00:00:00",21,"M","In Water",201706
201706,8,0,33301,696438,"D","06/08/2017 00:00:00",48,"M","In Water",201706
201706,29,0,33410,697130,"D","06/29/2017 00:00:00",0,"M","Outside/Open Areas",201706
201706,23,0,33322,697853,"D","06/23/2017 00:00:00",,"M","Permanent Home",201706
201706,23,0,33323,697853,"D","06/23/2017 00:00:00",,"F","Permanent Home",201706
201706,15,0,33344,698616,"D","06/15/2017 00:00:00",12,"F","In Water",201706
201706,15,0,33345,698616,"D","06/15/2017 00:00:00",13,"F","In Water",201706
201706,15,0,33346,698617,"D","06/15/2017 00:00:00",15,"F","In Water",201706
201706,15,0,33347,698617,"D","06/15/2017 00:00:00",16,"M","In Water",201706
201706,18,0,33581,700054,"D","06/18/2017 00:00:00",88,"M","Outside/Open Areas",201706
201706,19,0,33582,700054,"I","06/19/2017 00:00:00",36,"M","Outside/Open Areas",201706
201706,19,0,33583,700054,"I","06/19/2017 00:00:00",53,"M","Outside/Open Areas",201706
201706,19,0,33584,700054,"D","06/19/2017 00:00:00",56,"M","Permanent Home",201706
201701,22,0,33092,676370,"D","01/22/2017 00:00:00",5,"M","Vehicle/Towed Trailer",201701
201701,22,0,33093,676370,"D","01/22/2017 00:00:00",73,"M","Vehicle/Towed Trailer",201701
201701,21,0,33122,676496,"D","01/21/2017 00:00:00",58,"M","Mobile/Trailer Home",201701
201701,21,0,33125,676496,"D","01/21/2017 00:00:00",47,"M","Mobile/Trailer Home",201701
201701,21,0,33123,676496,"D","01/21/2017 00:00:00",20,"M","Permanent Home",201701
201701,21,0,33124,676496,"D","01/21/2017 00:00:00",72,"F","Permanent Home",201701
201701,9,0,33076,676952,"I","01/09/2017 00:00:00",59,"M","Vehicle/Towed Trailer",201701
201701,5,0,33090,677714,"D","01/05/2017 00:00:00",48,"F","Permanent Home",201701
201701,21,0,33097,677813,"D","01/21/2017 00:00:00",65,"M","In Water",201701
201701,15,0,33114,678145,"D","01/15/2017 00:00:00",39,"M","In Water",201701
201701,8,0,33128,678690,"D","01/08/2017 00:00:00",65,"M","Outside/Open Areas",201701
201702,7,0,32920,670052,"D","02/07/2017 00:00:00",61,"M","Outside/Open Areas",201702
201702,13,0,32942,669719,"D","02/13/2017 00:00:00",22,"M","Vehicle/Towed Trailer",201702
201702,28,0,33028,674614,"D","02/28/2017 00:00:00",31,"M","Outside/Open Areas",201702
201702,28,0,33029,674614,"D","02/28/2017 00:00:00",76,"M","Outside/Open Areas",201702
201702,21,0,33127,678609,"D","02/21/2017 00:00:00",33,"M","In Water",201702
201702,8,0,33135,679224,"I","02/08/2017 00:00:00",63,"M","Other",201702
201702,28,0,33141,677523,"D","02/28/2017 00:00:00",71,"M","Outside/Open Areas",201702
201702,28,0,33144,677516,"D","02/28/2017 00:00:00",24,"M","Vehicle/Towed Trailer",201702
201702,17,0,33147,681029,"D","02/17/2017 00:00:00",,"","Vehicle/Towed Trailer",201702
201702,9,0,33149,681117,"D","02/09/2017 00:00:00",35,"M","Outside/Open Areas",201702
201702,17,0,33164,681051,"D","02/17/2017 00:00:00",,"","Vehicle/Towed Trailer",201702
201702,7,0,33173,675337,"D","02/07/2017 00:00:00",83,"M","Outside/Open Areas",201702
201701,7,0,33083,677250,"D","01/07/2017 00:00:00",52,"F","Other",201701
201701,10,0,33084,677250,"D","01/10/2017 00:00:00",29,"M","Other",201701
201701,14,0,31843,666732,"I","01/14/2017 00:00:00",35,"M","Vehicle/Towed Trailer",201701
201701,14,0,31844,666733,"I","01/14/2017 00:00:00",22,"M","Vehicle/Towed Trailer",201701
201701,18,0,31846,666763,"I","01/18/2017 00:00:00",51,"M","Vehicle/Towed Trailer",201701
201707,18,0,32861,668164,"I","07/18/2017 00:00:00",74,"F","Vehicle/Towed Trailer",201607
201701,2,0,32932,670350,"D","01/02/2017 00:00:00",53,"F","Mobile/Trailer Home",201701
201701,2,0,32933,670350,"D","01/02/2017 00:00:00",27,"F","Mobile/Trailer Home",201701
201701,2,0,32934,670350,"D","01/02/2017 00:00:00",51,"F","Mobile/Trailer Home",201701
201701,2,0,32935,670350,"D","01/02/2017 00:00:00",53,"F","Mobile/Trailer Home",201701
201701,2,0,32937,670353,"D","01/02/2017 00:00:00",73,"M","Mobile/Trailer Home",201701
201701,7,0,32966,671484,"D","01/07/2017 00:00:00",,"F","Unknown",201701
201701,2,0,32970,671787,"D","01/02/2017 00:00:00",70,"M","In Water",201701
201701,2,0,32979,672747,"D","01/02/2017 00:00:00",5,"M","In Water",201701
201701,2,0,32980,672747,"D","01/02/2017 00:00:00",26,"M","In Water",201701
201701,22,0,32990,673054,"D","01/22/2017 00:00:00",,"M","Mobile/Trailer Home",201701
201701,22,0,32991,673054,"D","01/22/2017 00:00:00",,"F","Mobile/Trailer Home",201701
201701,22,0,32992,673083,"D","01/22/2017 00:00:00",18,"F","Mobile/Trailer Home",201701
201701,22,0,32993,673083,"D","01/22/2017 00:00:00",33,"F","Mobile/Trailer Home",201701
201701,22,0,32994,673083,"D","01/22/2017 00:00:00",62,"F","Mobile/Trailer Home",201701
201701,22,0,32995,673083,"D","01/22/2017 00:00:00",38,"F","Mobile/Trailer Home",201701
201701,22,0,32996,673083,"D","01/22/2017 00:00:00",41,"F","Mobile/Trailer Home",201701
201701,22,0,32997,673083,"D","01/22/2017 00:00:00",41,"F","Mobile/Trailer Home",201701
201701,22,0,32998,673083,"D","01/22/2017 00:00:00",36,"M","Mobile/Trailer Home",201701
201701,22,0,32999,673095,"D","01/22/2017 00:00:00",82,"M","Permanent Home",201701
201701,22,0,33000,673095,"D","01/22/2017 00:00:00",78,"F","Permanent Home",201701
201701,15,0,33008,673579,"D","01/15/2017 00:00:00",36,"M","Outside/Open Areas",201701
201701,5,0,33015,673994,"I","01/05/2017 00:00:00",42,"M","Vehicle/Towed Trailer",201701
201701,3,0,33020,674302,"I","01/03/2017 00:00:00",62,"M","Outside/Open Areas",201701
201701,6,0,33021,674302,"D","01/06/2017 00:00:00",43,"M","Outside/Open Areas",201701
201701,22,0,33053,673010,"D","01/22/2017 00:00:00",59,"M","Mobile/Trailer Home",201701
201701,22,0,33054,673010,"D","01/22/2017 00:00:00",59,"F","Mobile/Trailer Home",201701
201701,22,0,33055,673010,"D","01/22/2017 00:00:00",39,"M","Mobile/Trailer Home",201701
201701,22,0,33056,673010,"D","01/22/2017 00:00:00",77,"F","Permanent Home",201701
201701,22,0,33057,673010,"D","01/22/2017 00:00:00",82,"M","Permanent Home",201701
201701,1,0,33081,677250,"D","01/01/2017 00:00:00",68,"M","Other",201701
201701,2,0,33082,677250,"D","01/02/2017 00:00:00",51,"M","Other",201701
201702,22,0,33109,678115,"I","02/22/2017 00:00:00",29,"M","Vehicle/Towed Trailer",201702
201701,3,0,33086,677272,"I","01/03/2017 00:00:00",8,"F","Permanent Home",201701
201701,9,0,33095,676674,"I","01/09/2017 00:00:00",24,"M","Vehicle/Towed Trailer",201701
201701,31,0,33106,678073,"I","01/31/2017 00:00:00",59,"M","Vehicle/Towed Trailer",201701
201701,9,0,33142,674066,"D","01/09/2017 00:00:00",81,"F","Outside/Open Areas",201701
201701,9,0,33143,674066,"D","01/09/2017 00:00:00",,"M","Outside/Open Areas",201701
201701,2,0,33145,669799,"D","01/02/2017 00:00:00",78,"M","In Water",201701
201701,9,0,33146,676840,"D","01/09/2017 00:00:00",85,"M","Outside/Open Areas",201701
201701,9,0,33175,682566,"I","01/09/2017 00:00:00",21,"M","Vehicle/Towed Trailer",201701
201703,2,0,33007,672916,"I","03/02/2017 00:00:00",39,"M","Vehicle/Towed Trailer",201703
201703,1,0,33003,673138,"I","03/01/2017 00:00:00",85,"F","Vehicle/Towed Trailer",201703
201703,2,0,33006,673144,"I","03/02/2017 00:00:00",29,"M","Vehicle/Towed Trailer",201703
201703,2,0,33016,674022,"I","03/02/2017 00:00:00",19,"F","Vehicle/Towed Trailer",201703
201703,8,0,33197,674068,"D","03/08/2017 00:00:00",20,"M","Vehicle/Towed Trailer",201703
201703,8,0,33198,674068,"D","03/08/2017 00:00:00",23,"F","Vehicle/Towed Trailer",201703
201703,17,0,33033,675656,"I","03/17/2017 00:00:00",,"","Outside/Open Areas",201703
201703,17,0,33034,675656,"I","03/17/2017 00:00:00",,"","Outside/Open Areas",201703
201703,17,0,33035,675656,"I","03/17/2017 00:00:00",,"","Outside/Open Areas",201703
201703,14,0,33070,675802,"I","03/14/2017 00:00:00",83,"F","Permanent Home",201703
201703,14,0,33071,675802,"I","03/14/2017 00:00:00",,"M","Permanent Home",201703
201703,14,0,33072,675802,"I","03/14/2017 00:00:00",,"M","Permanent Home",201703
201703,27,0,33096,677764,"I","03/27/2017 00:00:00",59,"M","Vehicle/Towed Trailer",201703
201703,25,0,33116,678307,"D","03/25/2017 00:00:00",14,"F","In Water",201703
201703,9,0,33216,678350,"I","03/09/2017 00:00:00",45,"M","Vehicle/Towed Trailer",201703
201703,31,0,33121,678385,"D","03/31/2017 00:00:00",2,"F","In Water",201703
201703,18,0,33151,681250,"D","03/18/2017 00:00:00",29,"F","In Water",201703
201703,13,0,33161,681632,"I","03/13/2017 00:00:00",69,"M","Outside/Open Areas",201703
201703,13,0,33157,681638,"I","03/13/2017 00:00:00",68,"M","Outside/Open Areas",201703
201703,13,0,33158,681638,"I","03/13/2017 00:00:00",78,"M","Outside/Open Areas",201703
201703,13,0,33159,681638,"I","03/13/2017 00:00:00",76,"M","Outside/Open Areas",201703
201703,13,0,33160,681638,"I","03/13/2017 00:00:00",64,"M","Outside/Open Areas",201703
201703,6,0,33176,682635,"I","03/06/2017 00:00:00",48,"M","Outside/Open Areas",201703
201703,30,0,33181,682838,"D","03/30/2017 00:00:00",37,"M","In Water",201703
201703,10,0,33182,683056,"D","03/10/2017 00:00:00",58,"F","Vehicle/Towed Trailer",201703
201703,6,0,33209,683771,"I","03/06/2017 00:00:00",61,"F","Outside/Open Areas",201703
201703,3,0,33211,685126,"D","03/03/2017 00:00:00",80,"M","Outside/Open Areas",201703
201703,5,0,33200,685298,"D","03/05/2017 00:00:00",20,"F","Outside/Open Areas",201703
201703,29,0,33201,685973,"I","03/29/2017 00:00:00",12,"M","Outside/Open Areas",201703
201703,29,0,33202,685973,"I","03/29/2017 00:00:00",11,"M","Outside/Open Areas",201703
201703,6,0,33203,687307,"D","03/06/2017 00:00:00",,"","Outside/Open Areas",201703
201703,6,0,33204,687309,"D","03/06/2017 00:00:00",,"","Outside/Open Areas",201703
201703,6,0,33205,687309,"D","03/06/2017 00:00:00",,"","Outside/Open Areas",201703
201703,6,0,33206,687309,"D","03/06/2017 00:00:00",,"","Outside/Open Areas",201703
201703,28,0,33207,687594,"D","03/28/2017 00:00:00",69,"M","Vehicle/Towed Trailer",201703
201703,3,0,33212,688613,"I","03/03/2017 00:00:00",,"","Vehicle/Towed Trailer",201703
201703,10,0,33215,688788,"I","03/10/2017 00:00:00",17,"F","Under Tree",201703
201705,4,0,33357,683980,"D","05/04/2017 00:00:00",69,"M","Vehicle/Towed Trailer",201705
201705,7,0,33435,684570,"D","05/07/2017 00:00:00",37,"F","Outside/Open Areas",201705
201703,21,0,33226,690095,"D","03/21/2017 00:00:00",29,"M","Permanent Home",201703
201705,16,0,33470,689564,"D","05/16/2017 00:00:00",45,"M","Mobile/Trailer Home",201705
201705,31,0,33465,690880,"D","05/31/2017 00:00:00",20,"M","In Water",201705
201705,27,0,33354,691476,"D","05/27/2017 00:00:00",31,"F","Vehicle/Towed Trailer",201705
201705,27,0,33355,691476,"D","05/27/2017 00:00:00",37,"M","Vehicle/Towed Trailer",201705
201705,27,0,33356,691476,"D","05/27/2017 00:00:00",17,"F","Vehicle/Towed Trailer",201705
201705,28,0,33241,691694,"D","05/28/2017 00:00:00",21,"M","Vehicle/Towed Trailer",201705
201705,28,0,33246,691698,"D","05/28/2017 00:00:00",66,"F","Permanent Home",201705
201705,28,0,33245,691706,"D","05/28/2017 00:00:00",18,"M","Permanent Home",201705
201705,6,0,33382,693652,"I","05/06/2017 00:00:00",41,"F","Outside/Open Areas",201705
201706,19,0,33447,694639,"D","06/19/2017 00:00:00",47,"M","Outside/Open Areas",201705
201705,17,0,33293,695564,"I","05/17/2017 00:00:00",53,"M","Vehicle/Towed Trailer",201705
201705,17,0,33294,695565,"D","05/17/2017 00:00:00",16,"M","Vehicle/Towed Trailer",201705
201705,16,0,33471,697927,"D","05/16/2017 00:00:00",51,"M","In Water",201705
201705,17,0,33397,698304,"D","05/17/2017 00:00:00",70,"M","Vehicle/Towed Trailer",201705
201705,1,0,33483,698410,"D","05/01/2017 00:00:00",60,"M","Vehicle/Towed Trailer",201705
201705,9,0,33366,698416,"D","05/09/2017 00:00:00",89,"M","Vehicle/Towed Trailer",201705
201705,25,0,33335,698578,"D","05/25/2017 00:00:00",24,"M","Outside/Open Areas",201705
201705,17,0,33349,698678,"D","05/17/2017 00:00:00",41,"M","Under Tree",201705
201705,23,0,33411,699162,"D","05/23/2017 00:00:00",,"M","Boating",201705
201705,23,0,33412,699162,"D","05/23/2017 00:00:00",,"M","Boating",201705
201705,23,0,33413,699162,"D","05/23/2017 00:00:00",,"M","Boating",201705
201705,30,0,33448,702258,"I","05/30/2017 00:00:00",59,"M","Vehicle/Towed Trailer",201705
201705,10,0,33474,704324,"I","05/10/2017 00:00:00",54,"M","Permanent Home",201705
201705,14,0,33480,704428,"D","05/14/2017 00:00:00",28,"M","Under Tree",201705
201705,22,0,33476,704618,"I","05/22/2017 00:00:00",25,"M","In Water",201705
201705,23,0,33477,704627,"I","05/23/2017 00:00:00",19,"M","In Water",201705
201705,27,0,33478,704633,"I","05/27/2017 00:00:00",18,"M","In Water",201705
201704,2,0,33431,680811,"D","04/02/2017 00:00:00",52,"F","Vehicle/Towed Trailer",201704
201702,17,0,33170,682199,"I","02/17/2017 00:00:00",35,"M","In Water",201702
201702,18,0,33179,682200,"D","02/18/2017 00:00:00",45,"F","Vehicle/Towed Trailer",201702
201704,4,0,33178,682675,"D","04/04/2017 00:00:00",49,"M","In Water",201704
201704,30,0,33484,690133,"D","04/30/2017 00:00:00",69,"F","Vehicle/Towed Trailer",201704
201704,30,0,33393,692096,"D","04/30/2017 00:00:00",36,"M","Permanent Home",201704
201702,25,0,33488,705819,"D","02/25/2017 00:00:00",41,"M","Boating",201702
201706,20,0,33585,700054,"D","06/20/2017 00:00:00",89,"F","Permanent Home",201706
201706,20,0,33586,700054,"D","06/20/2017 00:00:00",83,"F","Permanent Home",201706
201706,18,0,33557,700617,"D","06/18/2017 00:00:00",88,"M","Outside/Open Areas",201706
201706,18,0,33423,700620,"D","06/18/2017 00:00:00",88,"M","Outside/Open Areas",201706
201706,21,0,33426,700786,"D","06/21/2017 00:00:00",74,"M","Outside/Open Areas",201706
201707,15,0,33728,715873,"D","07/15/2017 00:00:00",54,"M","In Water",201707
201707,21,0,33730,716063,"D","07/21/2017 00:00:00",34,"M","Boating",201707
201707,11,0,33732,716134,"I","07/11/2017 00:00:00",6,"M","In Water",201707
201707,9,0,33733,716427,"D","07/09/2017 00:00:00",24,"M","In Water",201707
201707,15,0,33735,716677,"I","07/15/2017 00:00:00",30,"F","Permanent Home",201707
201707,15,0,33736,716677,"I","07/15/2017 00:00:00",61,"F","Permanent Home",201707
201707,15,0,33737,716677,"I","07/15/2017 00:00:00",64,"F","Permanent Home",201707
201707,3,0,33745,717447,"D","07/03/2017 00:00:00",43,"M","Outside/Open Areas",201707
201707,11,0,33749,717500,"D","07/11/2017 00:00:00",23,"M","Outside/Open Areas",201707
201707,30,0,33785,717739,"D","07/30/2017 00:00:00",19,"M","In Water",201707
201706,11,0,33593,709697,"I","06/11/2017 00:00:00",46,"M","Outside/Open Areas",201706
201704,30,0,33684,714272,"D","04/30/2017 00:00:00",77,"M","In Water",201704
201702,7,0,33784,681794,"I","02/07/2017 00:00:00",63,"F","Vehicle/Towed Trailer",201702
201702,23,0,33165,681925,"I","02/23/2017 00:00:00",,"","Vehicle/Towed Trailer",201702
201704,3,0,33922,690887,"D","04/03/2017 00:00:00",65,"M","Mobile/Trailer Home",201704
201707,21,0,33727,709960,"I","07/21/2017 00:00:00",72,"M","Vehicle/Towed Trailer",201707
201707,5,0,33619,713481,"D","07/05/2017 00:00:00",58,"M","Mobile/Trailer Home",201707
201707,1,0,33612,713481,"I","07/01/2017 00:00:00",42,"M","Outside/Open Areas",201707
201707,2,0,33616,713481,"D","07/02/2017 00:00:00",40,"F","Outside/Open Areas",201707
201707,1,0,33613,713481,"I","07/01/2017 00:00:00",68,"M","Permanent Home",201707
201707,2,0,33615,713481,"D","07/02/2017 00:00:00",79,"M","Permanent Home",201707
201707,4,0,33617,713481,"D","07/04/2017 00:00:00",86,"M","Permanent Home",201707
201707,4,0,33618,713481,"D","07/04/2017 00:00:00",67,"F","Permanent Home",201707
201707,2,0,33614,713481,"D","07/02/2017 00:00:00",36,"M","Permanent Structure",201707
201707,6,0,33626,713483,"D","07/06/2017 00:00:00",75,"F","Unknown",201707
201707,10,0,33639,713483,"D","07/10/2017 00:00:00",19,"M","Unknown",201707
201707,6,0,33622,713483,"D","07/06/2017 00:00:00",51,"F","Outside/Open Areas",201707
201707,6,0,33624,713483,"D","07/06/2017 00:00:00",51,"M","Outside/Open Areas",201707
201707,6,0,33625,713483,"I","07/06/2017 00:00:00",64,"M","Outside/Open Areas",201707
201707,6,0,33629,713483,"I","07/06/2017 00:00:00",23,"M","Outside/Open Areas",201707
201707,7,0,33630,713483,"I","07/07/2017 00:00:00",45,"M","Outside/Open Areas",201707
201707,8,0,33631,713483,"I","07/08/2017 00:00:00",36,"M","Outside/Open Areas",201707
201707,9,0,33634,713483,"D","07/09/2017 00:00:00",41,"M","Outside/Open Areas",201707
201707,9,0,33635,713483,"I","07/09/2017 00:00:00",63,"M","Outside/Open Areas",201707
201707,9,0,33636,713483,"D","07/09/2017 00:00:00",57,"M","Outside/Open Areas",201707
201707,10,0,33638,713483,"D","07/10/2017 00:00:00",45,"M","Outside/Open Areas",201707
201707,6,0,33620,713483,"D","07/06/2017 00:00:00",75,"M","Permanent Home",201707
201707,6,0,33621,713483,"D","07/06/2017 00:00:00",81,"F","Permanent Home",201707
201707,6,0,33623,713483,"I","07/06/2017 00:00:00",74,"M","Permanent Home",201707
201707,6,0,33627,713483,"I","07/06/2017 00:00:00",74,"M","Permanent Home",201707
201707,6,0,33628,713483,"I","07/06/2017 00:00:00",77,"F","Permanent Home",201707
201707,9,0,33633,713483,"I","07/09/2017 00:00:00",0,"M","Permanent Home",201707
201707,10,0,33637,713483,"D","07/10/2017 00:00:00",42,"F","Permanent Home",201707
201707,8,0,33632,713483,"D","07/08/2017 00:00:00",59,"M","Vehicle/Towed Trailer",201707
201707,12,0,33640,713485,"D","07/12/2017 00:00:00",72,"M","Outside/Open Areas",201707
201707,13,0,33641,713485,"D","07/13/2017 00:00:00",59,"M","Outside/Open Areas",201707
201707,16,0,33648,713487,"D","07/16/2017 00:00:00",80,"M","Unknown",201707
201707,15,0,33642,713487,"I","07/15/2017 00:00:00",53,"M","Outside/Open Areas",201707
201707,15,0,33643,713487,"D","07/15/2017 00:00:00",45,"M","Outside/Open Areas",201707
201707,15,0,33646,713487,"D","07/15/2017 00:00:00",43,"M","Outside/Open Areas",201707
201707,17,0,33651,713487,"D","07/17/2017 00:00:00",65,"M","Outside/Open Areas",201707
201707,17,0,33652,713487,"I","07/17/2017 00:00:00",53,"M","Outside/Open Areas",201707
201707,18,0,33653,713487,"D","07/18/2017 00:00:00",74,"M","Outside/Open Areas",201707
201707,18,0,33654,713487,"D","07/18/2017 00:00:00",78,"M","Outside/Open Areas",201707
201707,18,0,33655,713487,"D","07/18/2017 00:00:00",64,"M","Outside/Open Areas",201707
201707,15,0,33644,713487,"D","07/15/2017 00:00:00",72,"F","Permanent Home",201707
201707,15,0,33645,713487,"D","07/15/2017 00:00:00",80,"F","Permanent Home",201707
201707,15,0,33647,713487,"I","07/15/2017 00:00:00",65,"F","Permanent Home",201707
201707,16,0,33649,713487,"D","07/16/2017 00:00:00",50,"M","Permanent Home",201707
201707,17,0,33650,713487,"I","07/17/2017 00:00:00",66,"F","Permanent Home",201707
201707,22,0,33660,713489,"D","07/22/2017 00:00:00",41,"M","Unknown",201707
201707,20,0,33657,713489,"D","07/20/2017 00:00:00",53,"M","Outside/Open Areas",201707
201707,21,0,33659,713489,"D","07/21/2017 00:00:00",60,"F","Outside/Open Areas",201707
201707,24,0,33663,713489,"D","07/24/2017 00:00:00",59,"M","Outside/Open Areas",201707
201707,20,0,33656,713489,"D","07/20/2017 00:00:00",54,"M","Permanent Home",201707
201707,21,0,33658,713489,"D","07/21/2017 00:00:00",57,"F","Permanent Home",201707
201707,22,0,33661,713489,"D","07/22/2017 00:00:00",74,"M","Permanent Home",201707
201707,22,0,33662,713489,"D","07/22/2017 00:00:00",78,"F","Permanent Home",201707
201707,29,0,33665,713491,"D","07/29/2017 00:00:00",35,"M","Outside/Open Areas",201707
201707,30,0,33667,713491,"D","07/30/2017 00:00:00",55,"M","Outside/Open Areas",201707
201707,31,0,33668,713491,"D","07/31/2017 00:00:00",55,"M","Outside/Open Areas",201707
201707,29,0,33666,713491,"I","07/29/2017 00:00:00",68,"M","Permanent Home",201707
201707,28,0,33664,713491,"D","07/28/2017 00:00:00",59,"M","Permanent Structure",201707
201707,15,0,33717,715746,"D","07/15/2017 00:00:00",,"","In Water",201707
201707,15,0,33718,715746,"D","07/15/2017 00:00:00",,"","In Water",201707
201707,15,0,33719,715746,"D","07/15/2017 00:00:00",,"","In Water",201707
201707,15,0,33720,715746,"D","07/15/2017 00:00:00",,"","In Water",201707
201707,15,0,33721,715746,"D","07/15/2017 00:00:00",,"","In Water",201707
201707,15,0,33722,715746,"D","07/15/2017 00:00:00",,"","In Water",201707
201707,15,0,33723,715746,"D","07/15/2017 00:00:00",,"","In Water",201707
201707,15,0,33724,715746,"D","07/15/2017 00:00:00",,"","In Water",201707
201707,15,0,33725,715746,"D","07/15/2017 00:00:00",64,"","In Water",201707
201707,15,0,33726,715746,"D","07/15/2017 00:00:00",2,"","In Water",201707
201707,24,0,33748,717501,"D","07/24/2017 00:00:00",76,"M","Permanent Home",201707
201707,9,0,33786,718384,"I","07/09/2017 00:00:00",48,"M","In Water",201707
201707,3,0,33424,699717,"I","07/03/2017 00:00:00",,"","Vehicle/Towed Trailer",201707
201707,3,0,33425,699717,"I","07/03/2017 00:00:00",,"","Vehicle/Towed Trailer",201707
201707,1,0,33408,700163,"I","07/01/2017 00:00:00",46,"M","Permanent Structure",201707
201707,19,0,33430,701447,"D","07/19/2017 00:00:00",56,"M","Permanent Home",201707
201707,17,0,33479,701747,"D","07/17/2017 00:00:00",12,"F","In Water",201707
201707,24,0,33438,702273,"D","07/24/2017 00:00:00",,"M","Unknown",201707
201707,11,0,33441,702335,"D","07/11/2017 00:00:00",59,"M","In Water",201707
201707,22,0,33482,702600,"I","07/22/2017 00:00:00",71,"M","Outside/Open Areas",201707
201707,29,0,33741,702905,"D","07/29/2017 00:00:00",57,"M","Outside/Open Areas",201707
201707,26,0,33457,703127,"D","07/26/2017 00:00:00",16,"M","Under Tree",201707
201707,15,0,33458,703248,"I","07/15/2017 00:00:00",93,"F","Permanent Home",201707
201707,17,0,33459,703303,"D","07/17/2017 00:00:00",2,"F","Vehicle/Towed Trailer",201707
201707,28,0,33469,703697,"D","07/28/2017 00:00:00",35,"M","Outside/Open Areas",201707
201707,22,0,33594,706970,"D","07/22/2017 00:00:00",82,"M","Mobile/Trailer Home",201707
201707,7,0,33611,713099,"D","07/07/2017 00:00:00",72,"M","Permanent Home",201707
201707,9,0,33671,713603,"D","07/09/2017 00:00:00",,"M","In Water",201707
201707,18,0,33672,713947,"D","07/18/2017 00:00:00",39,"M","Under Tree",201707
201707,22,0,33673,713949,"I","07/22/2017 00:00:00",,"","Vehicle/Towed Trailer",201707
201707,22,0,33674,713949,"I","07/22/2017 00:00:00",,"","Vehicle/Towed Trailer",201707
201707,22,0,33675,713949,"I","07/22/2017 00:00:00",,"","Vehicle/Towed Trailer",201707
201707,22,0,33676,713949,"I","07/22/2017 00:00:00",,"","Vehicle/Towed Trailer",201707
201707,22,0,33677,713949,"I","07/22/2017 00:00:00",,"","Vehicle/Towed Trailer",201707
201707,22,0,33678,713949,"I","07/22/2017 00:00:00",,"","Vehicle/Towed Trailer",201707
201707,22,0,33679,713949,"I","07/22/2017 00:00:00",,"","Vehicle/Towed Trailer",201707
201707,22,0,33680,713949,"I","07/22/2017 00:00:00",,"","Vehicle/Towed Trailer",201707
201707,22,0,33681,713949,"I","07/22/2017 00:00:00",,"","Vehicle/Towed Trailer",201707
201707,22,0,33682,713949,"I","07/22/2017 00:00:00",,"","Vehicle/Towed Trailer",201707
201707,10,0,33738,714415,"I","07/10/2017 00:00:00",64,"M","Outside/Open Areas",201707
201707,1,0,33689,714819,"D","07/01/2017 00:00:00",59,"F","In Water",201707
201707,4,0,33690,714820,"D","07/04/2017 00:00:00",34,"F","In Water",201707
201707,10,0,33703,715399,"D","07/10/2017 00:00:00",35,"M","Camping",201707
201708,7,0,33494,706359,"D","08/07/2017 00:00:00",18,"M","In Water",201708
201708,2,0,33694,706581,"D","08/02/2017 00:00:00",74,"M","In Water",201708
201708,7,0,33540,707197,"D","08/07/2017 00:00:00",67,"M","In Water",201708
201708,7,0,33541,707197,"D","08/07/2017 00:00:00",46,"M","In Water",201708
201708,14,0,33544,707242,"D","08/14/2017 00:00:00",63,"M","In Water",201708
201708,13,0,33923,707684,"D","08/13/2017 00:00:00",24,"M","Under Tree",201708
201708,9,0,33547,707833,"D","08/09/2017 00:00:00",,"M","Other",201708
201708,11,0,33548,707907,"I","08/11/2017 00:00:00",,"M","Outside/Open Areas",201708
201708,10,0,33916,708122,"D","08/10/2017 00:00:00",38,"M","In Water",201708
201708,10,0,33917,708122,"D","08/10/2017 00:00:00",10,"F","In Water",201708
201708,17,0,33554,708190,"D","08/17/2017 00:00:00",11,"F","In Water",201708
201708,26,0,33739,710616,"D","08/26/2017 00:00:00",61,"M","Outside/Open Areas",201708
201708,27,0,33952,710655,"D","08/27/2017 00:00:00",73,"M","Vehicle/Towed Trailer",201708
201708,1,0,33602,711661,"D","08/01/2017 00:00:00",31,"M","In Water",201708
201708,2,0,33610,713023,"D","08/02/2017 00:00:00",73,"M","In Water",201708
201708,16,0,33670,713498,"D","08/16/2017 00:00:00",47,"M","In Water",201708
201708,2,0,33691,714873,"I","08/02/2017 00:00:00",52,"M","Vehicle/Towed Trailer",201708
201708,4,0,33692,714877,"D","08/04/2017 00:00:00",57,"M","Outside/Open Areas",201708
201708,3,0,33734,716579,"D","08/03/2017 00:00:00",14,"F","Vehicle/Towed Trailer",201708
201708,1,0,33752,717833,"I","08/01/2017 00:00:00",48,"F","Outside/Open Areas",201708
201708,3,0,33755,717833,"D","08/03/2017 00:00:00",37,"M","Outside/Open Areas",201708
201708,1,0,33751,717833,"D","08/01/2017 00:00:00",58,"M","Permanent Home",201708
201708,2,0,33753,717833,"D","08/02/2017 00:00:00",58,"F","Permanent Home",201708
201708,3,0,33754,717833,"D","08/03/2017 00:00:00",75,"M","Permanent Home",201708
201708,4,0,33756,717833,"D","08/04/2017 00:00:00",59,"F","Permanent Home",201708
201708,6,0,33757,717835,"I","08/06/2017 00:00:00",81,"F","Outside/Open Areas",201708
201708,7,0,33758,717835,"D","08/07/2017 00:00:00",37,"M","Outside/Open Areas",201708
201708,8,0,33759,717835,"I","08/08/2017 00:00:00",54,"M","Outside/Open Areas",201708
201708,9,0,33760,717835,"I","08/09/2017 00:00:00",67,"M","Outside/Open Areas",201708
201708,10,0,33762,717835,"D","08/10/2017 00:00:00",80,"M","Outside/Open Areas",201708
201708,10,0,33761,717835,"I","08/10/2017 00:00:00",92,"M","Permanent Home",201708
201708,11,0,33763,717837,"D","08/11/2017 00:00:00",66,"F","Outside/Open Areas",201708
201708,13,0,33766,717837,"D","08/13/2017 00:00:00",49,"M","Outside/Open Areas",201708
201708,12,0,33764,717837,"I","08/12/2017 00:00:00",60,"M","Permanent Home",201708
201708,12,0,33765,717837,"I","08/12/2017 00:00:00",71,"M","Permanent Home",201708
201708,17,0,33767,717839,"D","08/17/2017 00:00:00",80,"F","Church",201708
201708,18,0,33768,717839,"D","08/18/2017 00:00:00",74,"F","Outside/Open Areas",201708
201708,18,0,33769,717839,"D","08/18/2017 00:00:00",55,"M","Outside/Open Areas",201708
201708,19,0,33770,717839,"D","08/19/2017 00:00:00",35,"M","Outside/Open Areas",201708
201708,21,0,33771,717839,"D","08/21/2017 00:00:00",65,"M","Outside/Open Areas",201708
201708,29,0,33772,717840,"D","08/29/2017 00:00:00",59,"F","Permanent Home",201708
201708,12,0,33773,717843,"D","08/12/2017 00:00:00",58,"F","Outside/Open Areas",201708
201708,12,0,33774,717843,"D","08/12/2017 00:00:00",60,"M","Outside/Open Areas",201708
201708,25,0,33949,718519,"I","08/25/2017 00:00:00",39,"M","Mobile/Trailer Home",201708
201708,29,0,33950,718519,"I","08/29/2017 00:00:00",67,"F","Permanent Home",201708
201708,4,0,33805,718556,"D","08/04/2017 00:00:00",28,"F","Vehicle/Towed Trailer",201708
201708,22,0,33794,718677,"D","08/22/2017 00:00:00",56,"M","Vehicle/Towed Trailer",201708
201708,19,0,33804,718916,"D","08/19/2017 00:00:00",61,"M","In Water",201708
201708,9,0,33890,719139,"I","08/09/2017 00:00:00",68,"F","Vehicle/Towed Trailer",201708
201708,4,0,33810,719149,"D","08/04/2017 00:00:00",45,"M","Vehicle/Towed Trailer",201708
201708,29,0,33891,719342,"D","08/29/2017 00:00:00",41,"F","In Water",201708
201708,30,0,33892,719342,"D","08/30/2017 00:00:00",69,"M","In Water",201708
201708,31,0,33893,719342,"D","08/31/2017 00:00:00",,"F","In Water",201708
201708,31,0,33894,719342,"D","08/31/2017 00:00:00",88,"F","In Water",201708
201708,31,0,33895,719342,"D","08/31/2017 00:00:00",,"F","In Water",201708
201708,11,0,33835,719442,"D","08/11/2017 00:00:00",19,"M","In Water",201708
201708,11,0,33836,719442,"D","08/11/2017 00:00:00",12,"M","In Water",201708
201708,26,0,33837,719445,"D","08/26/2017 00:00:00",24,"M","Outside/Open Areas",201708
201708,30,0,33839,719489,"D","08/30/2017 00:00:00",75,"M","In Water",201708
201708,31,0,33840,719489,"D","08/31/2017 00:00:00",54,"M","In Water",201708
201708,31,0,33841,719489,"D","08/31/2017 00:00:00",55,"M","In Water",201708
201708,30,0,33842,719489,"D","08/30/2017 00:00:00",77,"M","In Water",201708
201708,31,0,33843,719489,"D","08/31/2017 00:00:00",73,"F","In Water",201708
201708,29,0,33844,719489,"D","08/29/2017 00:00:00",82,"F","In Water",201708
201708,30,0,33845,719489,"D","08/30/2017 00:00:00",19,"M","Permanent Home",201708
201708,30,0,33846,719489,"D","08/30/2017 00:00:00",,"M","Permanent Home",201708
201708,30,0,33847,719489,"D","08/30/2017 00:00:00",87,"M","Permanent Home",201708
201708,28,0,33848,719489,"D","08/28/2017 00:00:00",1,"","Permanent Home",201708
201708,29,0,33850,719494,"D","08/29/2017 00:00:00",67,"M","In Water",201708
201708,31,0,33851,719497,"D","08/31/2017 00:00:00",68,"M","In Water",201708
201708,30,0,33852,719497,"D","08/30/2017 00:00:00",61,"F","Vehicle/Towed Trailer",201708
201708,31,0,33884,719740,"D","08/31/2017 00:00:00",43,"F","Vehicle/Towed Trailer",201708
201708,30,0,33885,719740,"D","08/30/2017 00:00:00",51,"M","Vehicle/Towed Trailer",201708
201708,2,0,33896,719758,"I","08/02/2017 00:00:00",18,"M","In Water",201708
201708,4,0,33897,719763,"I","08/04/2017 00:00:00",5,"M","In Water",201708
201709,5,0,33951,720927,"I","09/05/2017 00:00:00",23,"M","Outside/Open Areas",201708
